City_ID,City,Country,Date,Lat,Lng,Max Temp,Humidity,Cloudiness,Wind Speed
0,Luanda,AO,2022-11-12 23:57:51,-8.8368,13.2343,74.41,75,76,7.27
1,Vaini,TO,2022-11-12 23:57:52,-21.2,-175.2,77.25,86,82,21.88
2,Popondetta,PG,2022-11-12 23:57:52,-8.7537,148.2534,88.93,59,87,2.53
3,Thompson,CA,2022-11-12 23:57:53,55.7435,-97.8558,1.56,85,75,4.61
4,Cabo San Lucas,MX,2022-11-12 23:56:38,22.8909,-109.9124,79.61,65,22,7.29
5,Hobart,AU,2022-11-12 23:55:15,-42.8794,147.3294,55.26,71,75,2.3
6,Arraial Do Cabo,BR,2022-11-12 23:57:53,-22.9661,-42.0278,72.95,92,7,11.45
7,Ak-Dovurak,RU,2022-11-12 23:57:54,51.1833,90.6,9.07,94,100,0.34
8,Pisco,PE,2022-11-12 23:57:54,-13.7,-76.2167,64.45,82,0,19.57
9,Ushuaia,AR,2022-11-12 23:57:52,-54.8,-68.3,58.66,36,0,8.05
10,Banyo,CM,2022-11-12 23:57:54,6.75,11.8167,68.81,51,92,2.01
11,Slave Lake,CA,2022-11-12 23:57:55,55.2834,-114.769,30.18,74,0,9.22
12,New Norfolk,AU,2022-11-12 23:57:55,-42.7826,147.0587,54.91,63,100,1.99
13,Albany,US,2022-11-12 23:57:55,42.6001,-73.9662,51.64,72,84,8.34
14,Port-Gentil,GA,2022-11-12 23:57:56,-0.7193,8.7815,76.96,88,20,5.75
15,Khatanga,RU,2022-11-12 23:57:56,71.9667,102.5,-23.46,97,98,8.14
16,Malanje,AO,2022-11-12 23:57:57,-9.5402,16.341,63.57,76,94,5.06
17,Binzhou,CN,2022-11-12 23:57:57,37.3667,118.0167,41.25,52,50,6.26
18,Port Elizabeth,ZA,2022-11-12 23:57:57,-33.918,25.5701,63.32,80,20,13.8
19,Mataura,NZ,2022-11-12 23:57:58,-46.1927,168.8643,49.82,97,97,3.69
20,Jamestown,US,2022-11-12 23:57:58,42.097,-79.2353,37.02,73,100,8.01
21,Kapaa,US,2022-11-12 23:56:34,22.0752,-159.319,80.58,83,33,5.01
22,Cape Town,ZA,2022-11-12 23:55:44,-33.9258,18.4232,63.01,86,20,8.05
23,Tasiilaq,GL,2022-11-12 23:57:59,65.6145,-37.6368,33.82,75,100,35.75
24,Mattru,SL,2022-11-12 23:57:59,7.6244,-11.8332,74.8,94,81,1.61
25,Punta Arenas,CL,2022-11-12 23:57:59,-53.15,-70.9167,53.71,58,20,16.11
26,Saint-Philippe,RE,2022-11-12 23:58:00,-21.3585,55.7679,67.59,74,0,5.14
27,Russell,US,2022-11-12 23:58:00,32.3502,-85.1999,61.75,77,100,11.5
28,Fare,PF,2022-11-12 23:58:00,-16.7,-151.0167,76.75,81,100,14.12
29,Biak,ID,2022-11-12 23:58:01,-0.9131,122.8766,81.23,73,100,1.07
30,Hobyo,SO,2022-11-12 23:58:01,5.3505,48.5268,80.62,71,4,13.09
31,Abu Samrah,SY,2022-11-12 23:58:02,35.3029,37.1841,60.26,54,7,6.44
32,Los Llanos De Aridane,ES,2022-11-12 23:54:34,28.6585,-17.9182,65.95,75,75,8.99
33,Verkhnevilyuysk,RU,2022-11-12 23:58:02,63.4453,120.3167,2.59,90,96,12.8
34,Auki,SB,2022-11-12 23:58:02,-8.7676,160.7034,82.9,76,78,1.97
35,Canberra,AU,2022-11-12 23:56:30,-35.2835,149.1281,67.55,93,100,12.66
36,Dalnerechensk,RU,2022-11-12 23:58:03,45.9339,133.7225,27.0,88,95,9.26
37,Erenhot,CN,2022-11-12 23:58:03,43.6475,111.9767,26.17,63,1,11.25
38,Kavieng,PG,2022-11-12 23:58:04,-2.5744,150.7967,84.88,70,100,11.05
39,Victoria,HK,2022-11-12 23:56:26,22.2855,114.1577,76.17,87,8,3.0
40,Ancud,CL,2022-11-12 23:58:04,-41.8697,-73.8203,52.41,85,81,3.91
41,Okha,RU,2022-11-12 23:58:05,53.5739,142.9478,25.21,68,10,8.95
42,Yellowknife,CA,2022-11-12 23:55:54,62.456,-114.3525,19.92,100,100,5.75
43,Hilo,US,2022-11-12 23:58:05,19.7297,-155.09,81.25,81,11,5.01
44,Severo-Kurilsk,RU,2022-11-12 23:58:06,50.6789,156.125,35.46,63,99,16.96
45,Bengkulu,ID,2022-11-12 23:58:06,-3.8004,102.2655,75.52,94,100,4.38
46,Wewak,PG,2022-11-12 23:58:06,-3.5534,143.6268,79.23,86,100,4.7
47,Mahebourg,MU,2022-11-12 23:58:07,-20.4081,57.7,73.69,64,40,3.44
48,Quirinopolis,BR,2022-11-12 23:58:07,-18.4483,-50.4517,75.29,66,85,5.99
49,Nemuro,JP,2022-11-12 23:59:08,43.3236,145.575,57.18,90,100,22.62
50,Port Augusta,AU,2022-11-12 23:59:08,-32.5,137.7667,71.08,43,49,13.24
51,Hermanus,ZA,2022-11-12 23:59:08,-34.4187,19.2345,60.8,85,4,10.13
52,Upernavik,GL,2022-11-12 23:59:09,72.7868,-56.1549,11.14,84,32,10.36
53,Kosh-Agach,RU,2022-11-12 23:59:09,50.0,88.6667,11.77,76,92,1.45
54,Margate,GB,2022-11-12 23:59:10,51.3813,1.3862,53.91,97,36,9.1
55,Rikitea,PF,2022-11-12 23:59:10,-23.1203,-134.9692,74.17,87,81,18.14
56,Batagay-Alyta,RU,2022-11-12 23:59:10,67.8006,130.4114,-20.4,100,100,2.21
57,Moose Factory,CA,2022-11-12 23:59:11,51.2585,-80.6094,24.8,93,100,8.05
58,Busselton,AU,2022-11-12 23:59:11,-33.65,115.3333,58.78,51,82,11.45
59,Avarua,CK,2022-11-12 23:59:11,-21.2078,-159.775,77.05,61,40,13.8
60,Hrodna,BY,2022-11-12 23:59:12,53.6884,23.8258,51.24,87,98,6.22
61,Poum,NC,2022-11-12 23:59:12,-20.2333,164.0167,77.09,79,48,22.5
62,Hofn,IS,2022-11-12 23:59:12,64.2539,-15.2082,44.51,83,97,9.95
63,Saskylakh,RU,2022-11-12 23:59:13,71.9167,114.0833,-16.91,98,99,8.59
64,Port Alfred,ZA,2022-11-12 23:59:13,-33.5906,26.891,60.19,96,100,4.0
65,Fortuna,US,2022-11-12 23:59:13,40.5982,-124.1573,55.74,87,100,9.22
66,Coihaique,CL,2022-11-12 23:59:14,-45.5752,-72.0662,62.55,51,40,4.61
67,Touros,BR,2022-11-12 23:59:14,-5.1989,-35.4608,78.76,81,6,11.25
68,Tuktoyaktuk,CA,2022-11-12 23:59:14,69.4541,-133.0374,10.4,92,100,3.44
69,Christchurch,NZ,2022-11-12 23:57:44,-43.5333,172.6333,74.41,56,70,12.66
70,Rampura,IN,2022-11-12 23:59:15,30.25,75.2333,60.03,38,7,4.94
71,Salihorsk,BY,2022-11-12 23:59:15,52.7876,27.5415,50.81,84,100,8.63
72,Balkanabat,TM,2022-11-12 23:59:16,39.5108,54.3671,53.04,49,94,2.73
73,Constantine,DZ,2022-11-12 23:59:16,36.365,6.6147,51.21,81,0,0.0
74,Ukiah,US,2022-11-12 23:59:16,39.1502,-123.2078,56.44,82,54,1.01
75,Ucluelet,CA,2022-11-12 23:59:17,48.9329,-125.5528,48.09,84,55,4.54
76,Hithadhoo,MV,2022-11-12 23:59:17,-0.6,73.0833,81.36,73,71,17.11
77,Alofi,NU,2022-11-12 23:59:17,-19.0595,-169.9187,82.29,61,78,18.41
78,Lebu,CL,2022-11-12 23:59:18,-37.6167,-73.65,54.88,81,34,8.86
79,Hasaki,JP,2022-11-12 23:59:18,35.7333,140.8333,71.22,69,3,21.16
80,Kodiak,US,2022-11-12 23:59:19,57.79,-152.4072,41.92,78,98,14.97
81,Vanimo,PG,2022-11-12 23:59:19,-2.6741,141.3028,82.38,78,100,4.52
82,Caravelas,BR,2022-11-12 23:59:19,-17.7125,-39.2481,76.03,85,86,9.35
83,Adrar,MR,2022-11-12 23:59:20,20.5022,-10.0711,71.8,13,11,9.4
84,Gogrial,SS,2022-11-12 23:59:20,8.5332,28.1004,73.51,31,100,5.26
85,Krasnoselkup,RU,2022-11-12 23:59:20,65.7,82.4667,-17.72,96,15,8.93
86,Veraval,IN,2022-11-12 23:59:21,20.9,70.3667,76.57,46,5,11.77
87,Bandarbeyla,SO,2022-11-12 23:59:21,9.4942,50.8122,77.38,75,12,14.63
88,Codrington,AU,2022-11-12 23:59:22,-38.2667,141.9667,62.4,95,77,7.16
89,College,US,2022-11-12 23:59:22,64.8569,-147.8028,23.09,91,98,3.38
90,Saint-Pierre,RE,2022-11-12 23:59:22,-21.3393,55.4781,67.91,64,0,3.44
91,Chokurdakh,RU,2022-11-12 23:59:23,70.6333,147.9167,-22.77,99,100,6.91
92,Banda Aceh,ID,2022-11-12 23:59:23,5.5577,95.3222,75.83,91,100,9.71
93,Aklavik,CA,2022-11-12 23:59:24,68.2191,-135.0107,12.2,92,40,3.44
94,Takoradi,GH,2022-11-12 23:59:24,4.8845,-1.7554,77.63,85,55,5.17
95,Lugovoy,KZ,2022-11-12 23:59:24,42.9472,72.7644,34.63,54,3,5.26
96,Ponta Do Sol,PT,2022-11-13 00:00:25,32.6667,-17.1,68.63,84,100,1.54
97,Sao Filipe,CV,2022-11-13 00:00:25,14.8961,-24.4956,76.66,72,4,7.85
98,Norman Wells,CA,2022-11-13 00:00:25,65.282,-126.8329,17.47,93,100,4.29
99,Vila Franca Do Campo,PT,2022-11-13 00:00:26,37.7167,-25.4333,59.41,69,97,10.58
100,Srikakulam,IN,2022-11-13 00:00:27,18.3,83.9,69.82,79,22,6.8
101,Ampanihy,MG,2022-11-13 00:00:27,-24.7,44.75,70.48,82,55,13.13
102,Tucuma,BR,2022-11-12 23:57:47,-0.1833,-50.05,78.39,86,30,8.01
103,Vardo,NO,2022-11-13 00:00:28,70.3705,31.1107,37.38,65,75,14.97
104,Torbay,CA,2022-11-13 00:00:28,47.6666,-52.7314,49.75,98,100,16.11
105,Grindavik,IS,2022-11-13 00:00:29,63.8424,-22.4338,41.47,75,40,17.27
106,Dibulla,CO,2022-11-13 00:00:29,11.2725,-73.3091,78.15,88,92,3.67
107,Ambilobe,MG,2022-11-13 00:00:30,-13.2,49.05,71.62,86,35,3.0
108,Esperance,AU,2022-11-13 00:00:31,-33.8667,121.9,58.05,70,88,19.71
109,Micheweni,TZ,2022-11-13 00:00:31,-4.9667,39.8333,77.04,84,35,5.32
110,Bambous Virieux,MU,2022-11-13 00:00:32,-20.3428,57.7575,69.22,71,1,6.8
111,Talnakh,RU,2022-11-13 00:00:33,69.4865,88.3972,-27.35,92,15,3.06
112,Guerrero Negro,MX,2022-11-13 00:00:33,27.9769,-114.0611,66.83,44,62,12.82
113,Rudnichnyy,RU,2022-11-13 00:00:34,59.617,52.4703,37.65,98,100,6.67
114,Dikson,RU,2022-11-13 00:00:35,73.5069,80.5464,-9.9,100,96,5.57
115,Buraydah,SA,2022-11-12 23:56:26,26.326,43.975,66.65,55,2,9.82
116,Trairi,BR,2022-11-12 23:59:28,-3.2778,-39.2689,78.96,77,40,10.69
117,San Cristobal,VE,2022-11-13 00:00:36,7.7669,-72.225,67.01,98,100,1.43
118,Orange Cove,US,2022-11-13 00:00:36,36.6244,-119.3137,62.62,49,0,4.61
119,Tautira,PF,2022-11-13 00:00:36,-17.7333,-149.15,76.14,81,100,10.07
120,Maldonado,UY,2022-11-13 00:00:37,-34.6667,-54.9167,68.23,91,91,12.64
121,Puerto Ayora,EC,2022-11-13 00:00:38,-0.7393,-90.3518,69.55,86,31,7.0
122,Turayf,SA,2022-11-13 00:00:39,31.6725,38.6637,59.56,74,0,13.22
123,Beringovskiy,RU,2022-11-13 00:00:39,63.05,179.3167,10.54,98,100,8.37
124,Kruisfontein,ZA,2022-11-13 00:00:40,-34.0033,24.7314,60.89,64,28,18.21
125,Geraldton,AU,2022-11-13 00:00:40,-28.7667,114.6,61.21,63,0,10.36
126,Harper,LR,2022-11-13 00:00:41,4.375,-7.7169,77.45,88,56,6.13
127,Faanui,PF,2022-11-13 00:00:41,-16.4833,-151.75,76.26,85,100,15.19
128,Ljungby,SE,2022-11-13 00:00:42,56.8332,13.9408,50.41,90,96,2.95
129,Brattleboro,US,2022-11-13 00:00:42,42.8509,-72.5579,53.55,83,51,1.01
130,Twentynine Palms,US,2022-11-13 00:00:43,34.1356,-116.0542,64.13,18,0,1.99
131,Atuona,PF,2022-11-13 00:00:43,-9.8,-139.0333,77.99,77,4,14.2
132,Mokhsogollokh,RU,2022-11-13 00:00:44,61.4681,128.9203,22.78,93,100,12.17
133,Novokayakent,RU,2022-11-13 00:00:44,42.3937,47.9861,51.85,64,12,3.22
134,Saint Anthony,US,2022-11-13 00:00:45,45.0205,-93.218,28.26,65,100,11.5
135,Mar Del Plata,AR,2022-11-13 00:00:00,-38.0023,-57.5575,66.09,95,100,8.05
136,Georgetown,MY,2022-11-12 23:57:35,5.4112,100.3354,80.24,95,20,0.0
137,Saint George,US,2022-11-13 00:00:28,37.1041,-113.5841,59.25,26,0,4.61
138,Provideniya,RU,2022-11-13 00:00:46,64.3833,-173.3,15.93,75,3,8.9
139,Siilinjarvi,FI,2022-11-13 00:00:46,63.0833,27.6667,41.02,75,100,26.46
140,Castro,BR,2022-11-13 00:01:47,-24.7911,-50.0119,62.11,89,69,2.86
141,Berlevag,NO,2022-11-13 00:01:47,70.8578,29.0864,37.35,65,75,5.75
142,Oum Hadjer,TD,2022-11-13 00:01:48,13.2954,19.6966,76.24,25,3,10.33
143,Yar-Sale,RU,2022-11-13 00:01:48,66.8333,70.8333,-3.35,98,79,10.69
144,Kindu,CD,2022-11-13 00:01:48,-2.95,25.95,68.43,88,89,1.57
145,Sala,MA,2022-11-13 00:01:49,34.0389,-6.8166,62.74,82,4,4.61
146,Bredasdorp,ZA,2022-11-13 00:01:49,-34.5322,20.0403,60.35,81,3,10.42
147,Tiksi,RU,2022-11-13 00:01:50,71.6872,128.8694,-16.73,100,99,3.62
148,Praia,CV,2022-11-13 00:00:26,14.9215,-23.5087,75.83,78,34,11.5
149,Podporozhye,RU,2022-11-13 00:01:50,60.9112,34.1706,41.23,75,65,14.97
150,Roswell,US,2022-11-13 00:01:50,34.0232,-84.3616,51.58,80,100,11.5
151,Mehamn,NO,2022-11-13 00:01:51,71.0357,27.8492,37.31,93,75,5.75
152,Whitehorse,CA,2022-11-12 23:59:18,60.7161,-135.0538,36.37,64,75,24.16
153,Crotone,IT,2022-11-13 00:01:51,39.0851,17.1178,55.18,76,70,12.46
154,Cherskiy,RU,2022-11-13 00:01:52,68.75,161.3,-13.49,96,100,9.71
155,Nikolskoye,RU,2022-11-13 00:01:52,59.7035,30.7861,48.09,62,47,17.63
156,Butaritari,KI,2022-11-13 00:01:53,3.0707,172.7902,80.19,73,100,14.25
157,Sinop,TR,2022-11-13 00:01:53,41.7711,34.8709,46.06,81,22,4.38
158,Ribeira Grande,PT,2022-11-13 00:01:54,38.5167,-28.7,58.77,73,100,1.01
159,Komsomolskiy,UZ,2022-11-13 00:01:54,40.4272,71.7189,32.72,93,100,4.61
160,Kieta,PG,2022-11-13 00:01:55,-6.2167,155.6333,82.27,77,100,3.06
161,Kitimat,CA,2022-11-13 00:00:43,54.0524,-128.6534,34.92,40,100,1.12
162,Trincomalee,LK,2022-11-13 00:01:55,8.5711,81.2335,76.5,84,100,4.05
163,Tazovskiy,RU,2022-11-13 00:01:55,67.4667,78.7,-16.31,92,18,7.52
164,Fukue,JP,2022-11-13 00:01:56,32.6881,128.8419,68.36,100,75,3.44
165,Arman,RU,2022-11-13 00:01:56,59.7,150.1667,-1.16,84,46,8.03
166,Bluff,NZ,2022-11-13 00:01:57,-46.6,168.3333,50.67,87,100,14.34
167,Antofagasta,CL,2022-11-13 00:01:57,-23.65,-70.4,61.57,79,8,5.37
168,Esna,EG,2022-11-13 00:01:59,25.2934,32.554,66.99,46,7,9.35
169,Sisimiut,GL,2022-11-13 00:01:59,66.9395,-53.6735,16.47,77,89,5.5
170,Jumla,NP,2022-11-13 00:01:59,29.2747,82.1838,36.9,33,0,4.27
171,Matara,LK,2022-11-13 00:02:00,5.9485,80.5353,76.5,87,100,3.58
172,Asau,RO,2022-11-13 00:02:00,46.4333,26.4,31.12,71,62,4.56
173,Saquena,PE,2022-11-13 00:02:01,-4.6667,-73.5167,81.36,73,100,1.83
174,Port Hedland,AU,2022-11-12 23:58:59,-20.3167,118.5667,80.65,50,0,4.61
175,Constitucion,CL,2022-11-13 00:02:23,-35.3333,-72.4167,53.71,90,23,8.03
176,Asyut,EG,2022-11-13 00:02:23,27.181,31.1837,63.7,62,1,7.65
177,Telesti,RO,2022-11-13 00:02:24,45.0,23.0833,43.56,78,17,1.12
178,Vanavara,RU,2022-11-13 00:02:24,60.34,102.2797,13.03,95,100,4.59
179,Sioux Lookout,CA,2022-11-13 00:02:24,50.1001,-91.917,14.65,96,100,4.23
180,Abu Dhabi,AE,2022-11-13 00:00:01,24.4667,54.3667,78.96,83,0,3.27
181,Tilichiki,RU,2022-11-13 00:02:25,60.4667,166.1,18.07,88,100,6.38
182,Maniitsoq,GL,2022-11-13 00:02:25,65.4167,-52.9,29.37,63,100,7.96
183,San Miguel El Alto,MX,2022-11-13 00:02:26,21.0167,-102.35,68.85,37,0,8.05
184,Ocampo,MX,2022-11-13 00:02:26,21.65,-101.5,62.92,30,0,5.79
185,Souillac,MU,2022-11-13 00:01:04,-20.5167,57.5167,70.25,75,1,5.48
186,Sobolevo,RU,2022-11-13 00:03:26,54.4299,31.8996,47.35,84,54,16.46
187,Opuwo,NA,2022-11-13 00:03:27,-18.0607,13.84,58.77,40,34,5.97
188,Carnarvon,AU,2022-11-13 00:03:27,-24.8667,113.6333,66.31,41,0,19.77
189,Klaksvik,FO,2022-11-13 00:03:28,62.2266,-6.589,49.12,93,100,17.87
190,Puerto Carreno,CO,2022-11-13 00:03:28,6.189,-67.4859,78.98,85,100,4.16
191,Igrim,RU,2022-11-13 00:03:28,63.1906,64.4162,2.16,97,93,5.17
192,Chimbote,PE,2022-11-13 00:03:29,-9.0853,-78.5783,64.13,80,58,9.01
193,Lethem,GY,2022-11-13 00:03:29,3.3803,-59.7968,77.27,86,94,7.0
194,Lodwar,KE,2022-11-13 00:03:30,3.1191,35.5973,82.36,50,100,7.31
195,Belaya Gora,RU,2022-11-13 00:03:30,68.5333,146.4167,-31.43,100,86,3.89
196,Taoudenni,ML,2022-11-13 00:03:31,22.6783,-3.9836,74.97,17,0,11.77
197,Timbiqui,CO,2022-11-13 00:03:31,2.7717,-77.6654,74.23,92,100,4.79
198,Hamilton,US,2022-11-13 00:03:31,39.1834,-84.5333,33.24,87,100,6.91
199,Kendari,ID,2022-11-13 00:03:32,-3.945,122.4989,80.38,86,85,4.92
200,The Valley,AI,2022-11-13 00:03:32,18.217,-63.0578,81.1,76,14,15.75
201,Lucea,JM,2022-11-13 00:03:32,18.451,-78.1736,75.85,77,100,6.76
202,Praia Da Vitoria,PT,2022-11-13 00:03:33,38.7333,-27.0667,59.76,73,100,19.1
203,Lapua,FI,2022-11-13 00:03:33,62.9693,23.0088,43.3,73,14,10.07
204,Barstow,US,2022-11-13 00:00:04,34.8986,-117.0228,62.17,18,0,13.0
205,Sefton,NZ,2022-11-13 00:03:34,-43.25,172.6667,73.45,64,69,10.85
206,Barrow,US,2022-11-13 00:00:37,71.2906,-156.7887,12.22,92,100,6.91
207,East London,ZA,2022-11-13 00:03:35,-33.0153,27.9116,65.82,91,100,20.07
208,Qaanaaq,GL,2022-11-13 00:03:35,77.484,-69.3632,2.34,69,89,1.61
209,Saurimo,AO,2022-11-13 00:03:36,-9.6608,20.3916,62.64,98,82,2.82
210,Araouane,ML,2022-11-13 00:03:36,18.9048,-3.5265,78.1,15,41,8.12
211,Dolores Hidalgo,MX,2022-11-13 00:03:36,21.1561,-100.9308,73.87,32,0,2.71
212,Pochutla,MX,2022-11-13 00:03:37,15.7432,-96.4661,79.83,88,71,2.62
213,Cayenne,GF,2022-11-13 00:01:06,4.9333,-52.3333,75.24,94,0,0.0
214,Banting,MY,2022-11-13 00:03:37,2.8167,101.5,81.43,96,100,2.19
215,San Francisco,US,2022-11-13 00:00:06,37.7749,-122.4194,61.0,64,1,25.99
216,Borogontsy,RU,2022-11-13 00:03:38,62.6683,131.1683,3.96,95,100,12.21
217,Airai,TL,2022-11-13 00:03:38,-8.9266,125.4092,70.43,72,76,1.99
218,Chapais,CA,2022-11-13 00:03:39,49.7834,-74.8492,33.58,97,100,5.97
219,Neuquen,AR,2022-11-13 00:02:12,-38.9516,-68.0591,56.71,83,94,24.99
220,Ust-Ishim,RU,2022-11-13 00:03:39,57.6935,71.1665,28.26,94,95,2.8
221,Gotsu,JP,2022-11-13 00:03:39,35.0,132.2167,69.3,77,99,8.28
222,Sao Joao Da Barra,BR,2022-11-13 00:03:40,-21.6403,-41.0511,74.26,90,40,17.87
223,Saldanha,ZA,2022-11-13 00:03:40,-33.0117,17.9442,60.69,88,1,8.93
224,Camacha,PT,2022-11-13 00:03:41,33.0833,-16.3333,63.82,82,20,0.0
225,Sokoto,NG,2022-11-13 00:03:41,13.0609,5.239,75.87,26,23,9.71
226,Salalah,OM,2022-11-13 00:01:15,17.0151,54.0924,75.78,63,3,3.47
227,Puerto Escondido,MX,2022-11-13 00:03:42,15.85,-97.0667,83.23,65,40,10.36
228,Taltal,CL,2022-11-13 00:03:42,-25.4,-70.4833,62.42,71,46,5.55
229,Lamu,KE,2022-11-12 23:58:57,-2.2717,40.902,76.57,85,23,6.73
230,Saint-Georges,GD,2022-11-13 00:03:42,12.0564,-61.7485,78.67,86,94,8.25
231,Nanortalik,GL,2022-11-12 23:58:55,60.1432,-45.2371,30.06,82,99,5.88
232,Dingle,PH,2022-11-13 00:04:43,10.9995,122.6711,81.48,84,69,8.55
233,Clyde River,CA,2022-11-13 00:04:43,70.4692,-68.5914,-10.17,92,41,6.08
234,Chuy,UY,2022-11-13 00:04:44,-33.6971,-53.4616,64.13,95,100,10.51
235,Deputatskiy,RU,2022-11-13 00:04:44,69.3,139.9,-23.75,100,78,2.86
236,Varkaus,FI,2022-11-13 00:04:45,62.3153,27.873,43.3,68,80,17.63
237,Thinadhoo,MV,2022-11-13 00:04:45,0.5333,72.9333,81.28,78,92,16.87
238,Kaitangata,NZ,2022-11-13 00:04:45,-46.2817,169.8464,61.3,61,87,10.54
239,Katsuura,JP,2022-11-13 00:04:46,35.1333,140.3,70.72,68,21,20.24
240,Zyryanovsk,KZ,2022-11-13 00:04:19,49.7386,84.2719,31.1,99,100,4.03
241,Hervey Bay,AU,2022-11-13 00:04:46,-25.2986,152.8535,74.64,67,1,10.6
242,Coshocton,US,2022-11-13 00:04:03,40.272,-81.8596,38.12,89,99,4.0
243,Srednekolymsk,RU,2022-11-13 00:04:47,67.45,153.6833,-24.32,99,75,7.45
244,Parabel,RU,2022-11-13 00:04:47,58.6978,81.4825,32.0,98,100,6.73
245,Aasiaat,GL,2022-11-13 00:04:48,68.7098,-52.8699,14.83,87,83,14.03
246,Santiago Del Estero,AR,2022-11-13 00:04:48,-27.7951,-64.2615,76.17,71,99,14.45
247,Grand Gaube,MU,2022-11-13 00:04:48,-20.0064,57.6608,69.39,69,0,1.99
248,Kuryk,KZ,2022-11-13 00:04:49,43.2,51.65,50.92,81,46,13.18
249,Zaysan,KZ,2022-11-13 00:01:20,47.4667,84.8667,35.28,58,100,2.15
250,Hanyang,CN,2022-11-13 00:04:49,32.1371,105.5126,47.55,75,92,3.02
251,Kismayo,SO,2022-11-13 00:04:49,-0.3582,42.5454,76.96,83,19,7.29
252,Petropavlovsk-Kamchatskiy,RU,2022-11-13 00:02:30,53.0452,158.6483,18.19,53,0,13.42
253,Bubaque,GW,2022-11-13 00:04:50,11.2833,-15.8333,82.45,64,53,8.39
254,Luderitz,NA,2022-11-13 00:04:51,-26.6481,15.1594,57.33,87,0,9.24
255,Melo,UY,2022-11-13 00:04:51,-32.3667,-54.1833,67.39,86,100,12.1
256,Mareeba,AU,2022-11-13 00:04:51,-17.0,145.4333,83.48,59,34,7.16
257,Longyearbyen,SJ,2022-11-13 00:04:52,78.2186,15.6401,30.04,74,75,11.5
258,Sunrise Manor,US,2022-11-13 00:04:52,36.2111,-115.0731,61.86,24,0,11.5
259,Esso,RU,2022-11-13 00:04:53,55.9333,158.7,13.93,84,98,3.53
260,Flin Flon,CA,2022-11-13 00:04:53,54.7682,-101.865,13.03,95,98,6.46
261,Olinda,BR,2022-11-13 00:04:53,-8.0089,-34.8553,78.53,78,75,5.75
262,Maceio,BR,2022-11-13 00:00:14,-9.6658,-35.7353,77.22,85,14,7.27
263,Indianola,US,2022-11-13 00:04:43,41.3581,-93.5574,28.96,61,84,3.0
264,Takaka,NZ,2022-11-13 00:04:54,-40.85,172.8,69.01,61,26,4.81
265,Ilulissat,GL,2022-11-13 00:04:54,69.2167,-51.1,32.02,43,75,6.91
266,Angoche,MZ,2022-11-13 00:04:55,-16.2325,39.9086,75.02,90,0,3.47
267,Mana,GF,2022-11-13 00:04:55,5.6592,-53.7767,77.95,88,100,7.94
268,Merauke,ID,2022-11-13 00:04:56,-8.4667,140.3333,82.18,77,88,11.1
269,Zhezkazgan,KZ,2022-11-13 00:04:56,47.8043,67.7144,30.97,92,99,14.67
270,Tabalosos,PE,2022-11-13 00:04:56,-6.35,-76.6833,73.6,94,100,3.33
271,Honiara,SB,2022-11-13 00:04:57,-9.4333,159.95,84.34,71,99,3.71
272,Abeche,TD,2022-11-13 00:04:57,13.8292,20.8324,73.65,26,3,7.76
273,Sitka,US,2022-11-13 00:04:58,57.0531,-135.33,46.29,87,100,18.41
274,Bathsheba,BB,2022-11-13 00:04:58,13.2167,-59.5167,79.92,80,81,7.99
275,Datong,CN,2022-11-13 00:05:59,40.0936,113.2914,28.76,43,18,2.59
276,Port Blair,IN,2022-11-13 00:05:59,11.6667,92.75,79.0,80,78,9.28
277,Maksatikha,RU,2022-11-13 00:05:59,57.797,35.8825,45.18,66,66,16.31
278,Chizhou,CN,2022-11-13 00:06:00,30.6578,117.4831,57.09,77,100,10.13
279,Bakel,SN,2022-11-13 00:06:00,14.905,-12.4568,78.19,14,72,1.97
280,Awjilah,LY,2022-11-13 00:06:01,29.1081,21.2869,64.83,52,45,5.06
281,Hokitika,NZ,2022-11-13 00:06:01,-42.7167,170.9667,61.77,66,21,9.6
282,Haines Junction,CA,2022-11-13 00:06:01,60.7522,-137.5108,27.97,93,25,6.02
283,Owen Sound,CA,2022-11-13 00:06:02,44.5672,-80.9435,36.9,93,100,8.01
284,Tayga,RU,2022-11-13 00:06:02,56.06,85.6197,29.32,97,100,10.8
285,Daoukro,CI,2022-11-13 00:06:03,7.0591,-3.9631,72.54,97,95,2.08
286,Camapua,BR,2022-11-13 00:02:40,-19.5314,-54.0439,74.17,69,50,8.05
287,Cidreira,BR,2022-11-13 00:06:03,-30.1811,-50.2056,68.43,90,89,19.69
288,Lumby,CA,2022-11-13 00:06:04,50.2498,-118.969,29.35,95,51,0.22
289,Kijang,KR,2022-11-13 00:06:04,35.2442,129.2139,68.27,81,68,8.03
290,Dwarka,IN,2022-11-13 00:06:04,22.2394,68.9678,78.06,54,1,8.5
291,Champerico,GT,2022-11-13 00:06:05,14.3,-91.9167,80.33,77,23,0.87
292,Kondinskoye,RU,2022-11-13 00:06:05,59.6481,67.41,11.12,98,99,5.28
293,Kashin,RU,2022-11-13 00:06:06,57.3592,37.6081,45.27,65,53,22.62
294,Jangipur,IN,2022-11-13 00:06:06,24.4667,88.0667,64.31,47,1,5.64
295,Lovozero,RU,2022-11-13 00:06:07,68.005,35.0117,31.73,94,100,17.34
296,Dunedin,NZ,2022-11-13 00:06:07,-45.8742,170.5036,59.81,70,82,4.0
297,Bac Lieu,VN,2022-11-13 00:06:08,9.285,105.7244,78.01,90,98,9.95
298,Pimenta Bueno,BR,2022-11-13 00:06:08,-11.6725,-61.1936,77.59,70,89,3.11
299,Nantucket,US,2022-11-13 00:06:08,41.2835,-70.0995,62.71,89,0,13.8
300,Bougouni,ML,2022-11-13 00:06:09,11.417,-7.479,76.03,34,1,3.38
301,Divnomorskoye,RU,2022-11-13 00:06:09,44.5011,38.1353,49.26,67,5,3.78
302,Loandjili,CG,2022-11-13 00:06:10,-4.7561,11.8578,77.14,80,100,7.02
303,Terney,RU,2022-11-13 00:06:10,45.0503,136.6092,36.3,89,100,12.06
304,Yeppoon,AU,2022-11-13 00:06:11,-23.1333,150.7333,82.18,62,1,11.07
305,Vire,FR,2022-11-13 00:06:11,48.9167,-0.8333,47.59,85,55,6.46
306,La Paz,BO,2022-11-13 00:06:11,-16.5,-68.15,55.38,19,40,13.8
307,Panuco,MX,2022-11-13 00:05:02,22.05,-98.1667,68.18,83,100,3.56
308,La Ronge,CA,2022-11-13 00:06:12,55.1001,-105.2842,17.4,84,100,11.56
309,Nome,US,2022-11-13 00:04:01,64.5011,-165.4064,21.27,68,0,5.75
310,Rauma,FI,2022-11-13 00:06:12,61.1272,21.5113,48.24,76,22,19.86
311,Camargo,MX,2022-11-13 00:06:13,27.6667,-105.1667,65.93,32,11,1.7
312,Vostok,RU,2022-11-13 00:06:13,46.4856,135.8833,26.08,93,100,5.7
313,Alirajpur,IN,2022-11-13 00:06:14,22.3031,74.3546,66.15,42,6,6.08
314,Sorland,NO,2022-11-13 00:06:14,67.667,12.6934,44.46,80,82,6.67
315,Kamaishi,JP,2022-11-13 00:01:40,39.2667,141.8833,63.93,78,23,11.79
316,Husavik,IS,2022-11-13 00:06:15,66.0449,-17.3389,36.05,77,93,10.0
317,Mihail Kogalniceanu,RO,2022-11-13 00:06:15,44.3667,28.45,39.47,100,82,6.91
318,Matamoros,MX,2022-11-13 00:06:15,25.5333,-103.25,73.51,33,0,10.36
319,Sinnamary,GF,2022-11-13 00:06:16,5.3833,-52.95,78.8,85,100,7.43
320,Ghatanji,IN,2022-11-13 00:06:16,20.1333,78.3167,63.86,67,15,5.48
321,Harwich,GB,2022-11-13 00:06:17,51.9419,1.2844,54.5,91,47,3.0
322,Shimoda,JP,2022-11-13 00:06:17,34.6667,138.95,69.1,71,46,13.58
323,Lorengau,PG,2022-11-13 00:06:17,-2.0226,147.2712,83.97,73,99,5.06
324,Alice Springs,AU,2022-11-13 00:07:18,-23.7,133.8833,80.15,36,4,11.5
325,Acapulco,MX,2022-11-13 00:06:51,16.8634,-99.8901,82.22,78,20,2.3
326,Korla,CN,2022-11-13 00:07:18,41.7597,86.1469,33.33,55,8,3.31
327,Warangal,IN,2022-11-13 00:06:59,18.0,79.5833,63.77,78,65,4.85
328,Yuanping,CN,2022-11-13 00:07:19,38.7153,112.7575,32.54,44,65,3.18
329,Petropavlovka,RU,2022-11-13 00:07:19,50.6114,105.3196,7.39,92,27,3.74
330,Parrita,CR,2022-11-13 00:07:20,9.5201,-84.3225,76.82,91,88,5.03
331,Gravdal,NO,2022-11-13 00:07:20,68.1214,13.5031,44.11,80,66,8.88
332,Houlton,US,2022-11-13 00:07:20,46.1262,-67.8403,41.41,71,100,8.05
333,Backo Petrovo Selo,RS,2022-11-13 00:07:21,45.7081,20.0753,46.53,75,2,5.44
334,Namibe,AO,2022-11-13 00:07:21,-15.1961,12.1522,63.5,76,33,8.25
335,Minot,US,2022-11-13 00:06:00,48.2325,-101.2963,6.91,85,75,6.91
336,Ladario,BR,2022-11-13 00:03:22,-19.0047,-57.6017,80.2,62,59,5.32
337,Charyshskoye,RU,2022-11-13 00:07:22,51.3978,83.5598,34.48,84,100,13.24
338,Waingapu,ID,2022-11-13 00:07:22,-9.6567,120.2641,83.12,73,98,2.89
339,Baglung,NP,2022-11-13 00:07:23,28.2719,83.5898,50.9,58,0,5.79
340,Tatawin,TN,2022-11-13 00:07:23,32.9297,10.4518,59.52,81,0,3.56
341,La Asuncion,VE,2022-11-13 00:05:25,11.0333,-63.8628,79.74,83,95,10.33
342,Neyshabur,IR,2022-11-13 00:07:24,36.2133,58.7958,46.06,46,67,0.65
343,Pevek,RU,2022-11-13 00:06:53,69.7008,170.3133,-0.8,95,100,6.87
344,Plettenberg Bay,ZA,2022-11-13 00:07:24,-34.0527,23.3716,60.84,77,5,9.24
345,Baijiantan,CN,2022-11-13 00:07:25,45.6333,85.1833,37.6,59,79,5.95
346,Mount Gambier,AU,2022-11-13 00:07:25,-37.8333,140.7667,67.91,83,40,11.5
347,Buzmeyin,TM,2022-11-13 00:07:26,38.0507,58.2056,50.47,63,92,2.37
348,Tombouctou,ML,2022-11-13 00:07:26,20.0,-3.0,75.29,16,21,8.08
349,Garden City,US,2022-11-13 00:07:26,42.3256,-83.331,37.35,94,100,10.36
350,Bethel,US,2022-11-13 00:07:11,41.3712,-73.414,59.94,73,100,1.99
351,Lasa,IT,2022-11-13 00:07:27,46.6166,10.7002,48.94,45,67,1.01
352,Nkhotakota,MW,2022-11-13 00:07:27,-12.9274,34.2961,76.48,64,48,3.13
353,Honningsvag,NO,2022-11-13 00:07:28,70.9821,25.9704,38.95,75,100,3.44
354,Mandalgovi,MN,2022-11-13 00:07:28,45.7625,106.2708,21.52,44,84,3.02
355,Anadyr,RU,2022-11-13 00:07:29,64.75,177.4833,1.9,85,75,2.24
356,Nacozari,MX,2022-11-13 00:07:29,25.3366,-108.2574,80.11,55,13,10.74
357,Redmond,US,2022-11-13 00:07:29,47.674,-122.1215,50.23,68,6,1.01
358,Wai,IN,2022-11-13 00:07:30,17.9333,73.9,62.2,71,61,4.56
359,Leningradskiy,RU,2022-11-13 00:07:30,69.3833,178.4167,7.74,84,99,2.82
360,Port Said,EG,2022-11-13 00:06:35,31.2565,32.2841,74.5,66,0,16.17
361,Paamiut,GL,2022-11-13 00:07:31,61.994,-49.6678,21.43,79,89,5.03
362,Asosa,ET,2022-11-13 00:05:36,10.0667,34.5333,63.0,58,48,3.78
363,Pompeia,BR,2022-11-13 00:04:43,-22.1086,-50.1717,73.15,67,15,3.49
364,Hajnowka,PL,2022-11-13 00:07:32,52.7433,23.5812,49.01,89,100,1.01
365,Glenwood Springs,US,2022-11-13 00:07:32,39.5505,-107.3248,36.63,53,0,6.91
366,Luganville,VU,2022-11-13 00:07:33,-15.5333,167.1667,83.66,73,49,8.86
367,Senador Jose Porfirio,BR,2022-11-13 00:08:33,-2.5908,-51.9542,80.17,72,100,3.71
368,Inongo,CD,2022-11-13 00:08:33,-1.95,18.2667,72.05,87,100,2.77
369,Gloucester,GB,2022-11-13 00:08:34,51.8657,-2.2431,56.5,88,0,5.99
370,Hovd,MN,2022-11-13 00:08:34,48.0056,91.6419,23.2,41,91,8.77
371,Mordovo,RU,2022-11-13 00:08:35,52.0834,40.77,51.31,71,99,23.62
372,Bilibino,RU,2022-11-13 00:08:35,68.0546,166.4372,-0.72,99,100,3.09
373,Saint-Augustin,CA,2022-11-13 00:08:35,51.226,-58.6502,25.43,77,100,22.86
374,Pombas,CV,2022-11-13 00:08:36,17.1503,-25.0201,73.08,71,31,11.72
375,Mangit,UZ,2022-11-13 00:08:36,40.5971,70.9607,42.44,55,93,3.69
376,Sola,VU,2022-11-13 00:08:37,-13.8833,167.55,80.37,76,100,5.17
377,Karaton,ID,2022-11-13 00:08:37,-6.3424,106.1045,75.0,93,100,3.13
378,Osoyoos,CA,2022-11-13 00:08:37,49.0331,-119.4524,30.76,95,13,1.36
379,Calabozo,VE,2022-11-13 00:08:38,8.9242,-67.4293,76.64,88,100,3.13
380,Abaete,BR,2022-11-13 00:08:38,-19.16,-45.4458,72.0,77,49,5.28
381,Lesnoye,RU,2022-11-13 00:08:39,58.2841,35.5158,44.56,66,34,15.82
382,Turukhansk,RU,2022-11-13 00:08:39,65.8167,87.9833,-20.58,94,7,6.98
383,Itarema,BR,2022-11-13 00:05:18,-2.9248,-39.9167,79.07,76,50,12.86
384,Palencia,ES,2022-11-13 00:08:39,42.4167,-4.5,50.92,81,7,3.06
385,Ternate,ID,2022-11-13 00:08:40,0.8,127.4,82.71,76,86,3.51
386,Walvis Bay,NA,2022-11-13 00:08:40,-22.9575,14.5053,58.08,78,0,14.81
387,Khandyga,RU,2022-11-13 00:08:41,62.6667,135.6,-1.21,96,100,7.07
388,Flinders,AU,2022-11-13 00:08:41,-34.5833,150.8552,70.18,82,99,5.99
389,Tommot,RU,2022-11-13 00:08:42,58.9564,126.2925,20.66,70,100,13.71
390,Comodoro Rivadavia,AR,2022-11-13 00:05:00,-45.8667,-67.5,53.46,82,100,4.61
391,Namatanai,PG,2022-11-13 00:08:42,-3.6667,152.4333,84.27,70,100,6.76
392,Zhuhai,CN,2022-11-13 00:08:43,22.2769,113.5678,76.78,94,18,6.91
393,Gold Coast,AU,2022-11-13 00:08:40,-28.0,153.4333,83.25,66,14,19.57
394,Olafsvik,IS,2022-11-13 00:08:43,64.8945,-23.7142,42.67,75,99,14.0
395,Samarai,PG,2022-11-13 00:08:44,-10.6167,150.6667,82.72,71,95,11.41
396,Itarantim,BR,2022-11-13 00:08:44,-15.6597,-40.0656,69.96,95,88,2.68
397,Smithers,CA,2022-11-13 00:08:44,54.7804,-127.1743,28.35,95,100,0.2
398,Machali,CL,2022-11-13 00:08:45,-34.1833,-70.6667,53.46,80,100,1.92
399,Casablanca,MA,2022-11-13 00:08:45,33.5928,-7.6192,68.32,68,10,1.99
400,Laguna,US,2022-11-13 00:08:46,38.421,-121.4238,60.06,63,0,5.75
401,Madimba,TZ,2022-11-13 00:08:46,-10.4,40.3333,74.46,85,16,4.81
402,Sarkand,KZ,2022-11-13 00:08:46,45.41,79.9186,33.19,49,95,6.08
403,Oktyabrskoye,RU,2022-11-13 00:08:47,43.0645,44.7417,26.74,93,61,6.71
404,Abha,SA,2022-11-13 00:04:51,18.2164,42.5053,52.05,94,9,0.0
405,Terrace,CA,2022-11-13 00:07:37,54.5163,-128.6035,33.84,95,100,0.25
406,Fallon,US,2022-11-13 00:08:47,39.4735,-118.7774,39.45,81,75,4.61
407,Porto Torres,IT,2022-11-13 00:08:11,40.835,8.3972,59.18,67,100,3.85
408,Bara,NG,2022-11-13 00:05:55,10.3744,10.7288,74.21,30,23,6.76
409,Sarwar,IN,2022-11-13 00:08:48,26.0667,75.0,65.59,42,0,5.5
410,Sarab,IR,2022-11-13 00:08:48,38.6066,44.9883,41.2,81,0,1.14
411,Buala,SB,2022-11-13 00:08:49,-8.145,159.5921,84.81,70,100,6.22
412,Almaznyy,RU,2022-11-13 00:08:49,48.0448,40.045,42.64,82,7,18.32
413,Carauari,BR,2022-11-13 00:09:50,-4.8828,-66.8958,76.44,84,93,1.99
414,Marawi,PH,2022-11-13 00:09:50,7.9986,124.2928,73.74,81,90,1.21
415,Launceston,AU,2022-11-13 00:09:51,-41.45,147.1667,51.62,92,75,12.66
416,Pacific Grove,US,2022-11-13 00:09:51,36.6177,-121.9166,61.39,69,0,20.0
417,Oussouye,SN,2022-11-13 00:09:51,12.485,-16.5469,76.44,65,53,5.59
418,Hensall,CA,2022-11-13 00:09:52,43.4334,-81.4998,37.8,98,100,5.95
419,Paita,PE,2022-11-13 00:09:52,-5.0892,-81.1144,63.09,84,86,13.27
420,Chitral,PK,2022-11-13 00:09:53,35.8462,71.7858,36.32,50,31,6.96
421,Lagoa,PT,2022-11-13 00:09:53,39.05,-27.9833,60.3,60,100,25.59
422,Sur,OM,2022-11-13 00:09:53,22.5667,59.5289,77.65,48,1,8.12
423,Isangel,VU,2022-11-13 00:05:50,-19.55,169.2667,75.34,87,100,14.79
424,Richards Bay,ZA,2022-11-13 00:09:54,-28.783,32.0377,74.55,91,100,14.56
425,Atasu,KZ,2022-11-13 00:09:54,48.6814,71.6433,29.25,89,100,19.73
426,Sakakah,SA,2022-11-13 00:08:24,29.9697,40.2064,64.49,74,0,9.82
427,Banamba,ML,2022-11-13 00:09:55,13.55,-7.45,74.86,32,0,5.21
428,Fairbanks,US,2022-11-13 00:09:55,64.8378,-147.7164,35.94,88,75,0.0
429,Nortelandia,BR,2022-11-13 00:09:55,-14.4547,-56.8028,74.71,83,100,3.85
430,Bulgan,MN,2022-11-13 00:09:56,48.8125,103.5347,12.29,72,10,3.87
431,Kut Chap,TH,2022-11-13 00:09:56,17.4257,102.5669,72.66,77,47,2.82
432,Abhayapuri,IN,2022-11-13 00:09:57,26.3333,90.6667,63.54,87,0,4.36
433,Byron Bay,AU,2022-11-13 00:06:58,-28.65,153.6167,80.94,62,28,14.47
434,Dauriya,RU,2022-11-13 00:09:57,49.9333,116.8667,7.11,92,57,2.26
435,Brigantine,US,2022-11-13 00:09:58,39.4101,-74.3646,64.99,82,20,3.44
436,Lyubech,UA,2022-11-13 00:09:58,51.7026,30.6569,46.44,91,54,11.25
437,Pozo Colorado,PY,2022-11-13 00:09:59,-23.4923,-58.7972,85.87,49,58,11.99
438,Waycross,US,2022-11-13 00:08:43,31.2136,-82.354,66.25,95,0,0.0
439,Jalu,LY,2022-11-13 00:09:59,29.0331,21.5482,65.17,51,80,5.59
440,Jipijapa,EC,2022-11-13 00:09:59,-1.3333,-80.5833,67.93,82,100,5.12
441,Ust-Tsilma,RU,2022-11-13 00:10:00,65.441,52.1498,22.37,95,100,7.4
442,Bonnyville,CA,2022-11-13 00:05:02,54.2668,-110.735,17.6,97,97,3.83
443,Aykhal,RU,2022-11-13 00:10:00,66.0,111.5,-18.27,98,100,17.54
444,Kahului,US,2022-11-13 00:10:01,20.8947,-156.47,82.42,70,40,18.41
445,Porto Novo,BJ,2022-11-13 00:10:01,6.4965,2.6036,78.13,87,99,6.11
446,Luxor,EG,2022-11-13 00:06:13,25.6989,32.6421,65.98,44,10,5.66
447,Nanyamba,TZ,2022-11-13 00:10:02,-10.6833,39.8333,69.31,91,49,3.33
448,Muscatine,US,2022-11-13 00:08:25,41.4667,-91.1335,31.84,63,100,12.66
449,Aksarka,RU,2022-11-13 00:10:02,66.5606,67.7975,-5.58,97,90,7.18
450,Sayansk,RU,2022-11-13 00:10:03,54.1088,102.1648,18.63,78,93,4.7
451,Pontes E Lacerda,BR,2022-11-13 00:10:03,-15.2261,-59.3353,76.93,63,74,4.0
452,Kathu,TH,2022-11-13 00:05:53,7.9178,98.3332,83.75,87,100,9.17
453,Maracaibo,VE,2022-11-13 00:07:52,10.6317,-71.6406,77.07,90,100,3.49
454,Tuatapere,NZ,2022-11-13 00:10:04,-46.1333,167.6833,50.29,95,100,2.48
455,Vila Velha,BR,2022-11-13 00:06:31,-20.3297,-40.2925,74.95,89,95,11.01
456,Boca Do Acre,BR,2022-11-13 00:10:04,-8.7522,-67.3978,80.6,56,60,2.06
457,Chiredzi,ZW,2022-11-13 00:10:05,-21.05,31.6667,73.67,73,75,3.4
458,Vila Do Maio,CV,2022-11-13 00:10:05,15.1333,-23.2167,76.84,76,38,11.79
459,Deep River,CA,2022-11-13 00:11:06,46.1001,-77.4995,37.94,71,100,6.44
460,Comapa,GT,2022-11-13 00:11:06,14.1167,-89.9167,63.3,97,42,3.27
461,Shitanjing,CN,2022-11-13 00:11:07,39.2342,106.3439,30.99,36,4,3.44
462,Dillon,US,2022-11-13 00:06:25,34.4166,-79.3712,70.14,70,3,9.71
463,Hauterive,FR,2022-11-13 00:11:07,46.0901,3.4459,45.36,75,99,2.33
464,Tutoia,BR,2022-11-13 00:11:08,-2.7619,-42.2744,79.54,80,67,9.35
465,Necochea,AR,2022-11-13 00:11:08,-38.5473,-58.7368,59.83,99,100,7.34
466,Vega De Alatorre,MX,2022-11-13 00:11:09,20.0333,-96.6333,68.77,91,93,19.35
467,Lehigh Acres,US,2022-11-13 00:10:17,26.6254,-81.6248,78.94,86,100,5.75
468,Abancay,PE,2022-11-13 00:11:09,-13.6339,-72.8814,63.59,52,32,7.23
469,Padang,ID,2022-11-13 00:06:18,-0.9492,100.3543,75.25,95,100,3.56
470,Bonavista,CA,2022-11-13 00:11:10,48.6499,-53.1147,34.9,97,100,31.21
471,Ribas Do Rio Pardo,BR,2022-11-13 00:11:11,-20.4431,-53.7592,70.72,82,47,6.64
472,Linjiang,CN,2022-11-13 00:11:11,41.8069,126.9078,27.21,87,68,2.73
473,Nuuk,GL,2022-11-13 00:11:12,64.1835,-51.7216,25.41,80,75,6.91
474,Jacareacanga,BR,2022-11-13 00:11:12,-6.2222,-57.7528,80.69,53,75,0.54
475,Dumas,US,2022-11-13 00:11:13,35.8656,-101.9732,45.54,36,0,6.91
476,Havre-Saint-Pierre,CA,2022-11-13 00:11:13,50.2334,-63.5986,27.91,72,100,25.52
477,Kargil,IN,2022-11-13 00:11:13,34.5667,76.1,19.58,49,8,2.46
478,Kautokeino,NO,2022-11-13 00:11:14,69.0125,23.0412,33.1,90,100,5.7
479,Cabedelo,BR,2022-11-13 00:11:14,-6.9811,-34.8339,75.87,80,28,8.7
480,Ploemeur,FR,2022-11-13 00:11:15,47.7333,-3.4333,58.95,93,0,8.05
481,Aksu,CN,2022-11-13 00:11:15,41.1231,80.2644,35.76,51,0,1.63
482,Fairview,US,2022-11-13 00:11:15,40.8126,-73.999,65.43,66,40,6.91
483,Moerai,PF,2022-11-13 00:11:16,-22.4333,-151.3333,69.93,66,6,12.1
484,Pingxiang,CN,2022-11-13 00:11:16,27.6167,113.85,59.22,55,55,3.56
485,Sholokhove,UA,2022-11-13 00:11:17,47.6945,34.0312,44.85,79,6,12.68
486,Ballina,AU,2022-11-13 00:11:17,-28.8667,153.5667,81.01,73,17,12.82
487,Pedasi,PA,2022-11-13 00:11:18,7.5333,-80.0333,77.07,84,84,4.0
488,Botou,CN,2022-11-13 00:11:18,38.0667,116.5667,38.66,50,63,3.8
489,Narsaq,GL,2022-11-13 00:11:19,60.9167,-46.05,32.22,76,93,3.11
490,Mopipi,BW,2022-11-13 00:11:19,-21.1833,24.8833,69.94,81,86,6.69
491,Tecoanapa,MX,2022-11-13 00:11:19,16.5167,-98.75,81.0,77,69,4.41
492,Alugan,PH,2022-11-13 00:11:20,12.2188,125.4808,81.52,85,98,11.52
493,Hambantota,LK,2022-11-13 00:11:20,6.1241,81.1185,77.2,83,100,1.97
494,Panambi,BR,2022-11-13 00:11:21,-28.2925,-53.5017,71.92,79,100,7.65
495,Gigmoto,PH,2022-11-13 00:11:21,13.7796,124.39,83.1,81,93,9.91
496,Calabar,NG,2022-11-13 00:11:21,4.9517,8.322,75.0,94,97,2.04
497,Masuguru,TZ,2022-11-13 00:11:22,-11.3667,38.4167,74.26,72,3,4.97
498,Derzhavinsk,KZ,2022-11-13 00:11:23,51.1,66.3167,35.33,85,100,26.37
499,Ust-Tarka,RU,2022-11-13 00:11:23,55.5672,75.705,32.43,98,100,10.07
500,Koszalin,PL,2022-11-13 00:06:35,54.1944,16.1722,53.83,98,100,4.52
501,Sergeyevka,KZ,2022-11-13 00:11:24,53.88,67.4158,33.46,98,100,19.42
502,Barabai,ID,2022-11-13 00:11:24,-2.5833,115.3833,79.3,86,81,1.12
503,Patu,BR,2022-11-13 00:11:25,-6.11,-37.6367,82.33,61,59,13.42
504,Meulaboh,ID,2022-11-13 00:07:21,4.1363,96.1285,74.62,94,100,4.65
505,Stornoway,GB,2022-11-13 00:11:25,58.2093,-6.3865,55.36,85,75,13.8
506,Beloha,MG,2022-11-13 00:12:26,-25.1667,45.05,71.28,80,70,18.25
507,Ekibastuz,KZ,2022-11-13 00:12:26,51.6667,75.3667,35.73,82,100,25.95
508,Makkaveyevo,RU,2022-11-13 00:12:26,51.7533,113.9454,6.4,98,91,1.21
509,Galle,LK,2022-11-13 00:10:15,6.0367,80.217,78.03,85,100,3.18
510,Spirit River,CA,2022-11-13 00:12:27,55.7833,-118.8361,18.23,91,53,5.3
511,Tanout,NE,2022-11-13 00:12:27,14.9709,8.8879,71.47,24,3,11.36
512,Pueblo Nuevo,MX,2022-11-13 00:12:28,23.3833,-105.3833,55.38,72,5,2.86
513,Mikhaylovka,RU,2022-11-13 00:12:14,50.06,43.2379,49.78,85,100,21.99
514,Ketchikan,US,2022-11-13 00:12:29,55.3422,-131.6461,37.49,98,100,5.95
515,Naica,MX,2022-11-13 00:12:29,27.85,-105.4833,64.53,30,4,5.53
516,Atherton,GB,2022-11-13 00:12:30,53.5237,-2.4935,56.28,88,38,1.99
517,Islamkot,PK,2022-11-13 00:12:30,24.6997,70.177,70.36,31,3,3.18
518,Coxim,BR,2022-11-13 00:12:31,-18.5067,-54.76,77.52,56,67,5.99
519,Savinka,RU,2022-11-13 00:12:31,50.0785,47.0994,46.81,83,81,26.31
520,Dashitou,CN,2022-11-13 00:12:31,43.3067,128.5114,18.99,92,96,6.62
521,Bytca,SK,2022-11-13 00:12:32,49.224,18.5588,46.2,93,10,1.14
522,San Patricio,US,2022-11-13 00:12:32,28.017,-97.5169,62.47,43,31,11.86
523,Wenzhou,CN,2022-11-13 00:11:05,27.9994,120.6668,72.1,86,9,1.39
524,Askarovo,RU,2022-11-13 00:12:33,53.3372,58.5089,32.95,92,100,17.9
525,Gorontalo,ID,2022-11-13 00:12:33,0.5412,123.0595,81.99,81,81,2.98
526,Kaeo,NZ,2022-11-13 00:12:34,-35.1,173.7833,74.32,70,65,4.97
527,Lungi,SL,2022-11-13 00:12:34,9.2212,-12.6831,74.66,91,10,3.4
528,Rawson,AR,2022-11-13 00:10:50,-43.3002,-65.1023,59.67,62,88,17.25
529,Izhma,RU,2022-11-13 00:12:35,65.0083,53.9113,18.72,94,100,8.16
530,Ishigaki,JP,2022-11-13 00:12:36,24.3448,124.1572,78.94,84,1,2.48
531,Yining,CN,2022-11-13 00:12:36,29.0361,114.5636,54.72,66,31,2.59
532,Iracoubo,GF,2022-11-13 00:12:37,5.4802,-53.2011,78.69,85,100,7.61
533,Inhambane,MZ,2022-11-13 00:12:37,-23.865,35.3833,77.65,84,80,11.23
534,Ronne,DK,2022-11-13 00:12:37,55.1009,14.7066,53.51,100,100,1.14
535,Momil,CO,2022-11-13 00:12:38,9.2377,-75.6749,76.57,90,95,2.98
536,Milici,BA,2022-11-13 00:12:38,44.1711,19.0903,39.6,90,5,2.68
537,Vallenar,CL,2022-11-13 00:12:39,-28.5708,-70.7581,61.16,56,100,4.45
538,Paoua,CF,2022-11-13 00:12:39,7.2427,16.4406,70.97,60,5,0.98
539,Yerbogachen,RU,2022-11-13 00:12:39,61.2767,108.0108,-11.18,100,92,1.92
540,Baghdad,IQ,2022-11-13 00:07:47,33.3406,44.4009,58.91,100,0,5.75
541,Sulangan,PH,2022-11-13 00:12:40,11.1373,123.7228,82.67,79,59,10.78
542,Llangefni,GB,2022-11-13 00:12:40,53.2556,-4.3106,58.86,82,100,20.71
543,Shagonar,RU,2022-11-13 00:12:41,51.5333,92.8,13.69,94,100,1.99
544,Rincon,US,2022-11-13 00:12:41,32.296,-81.2354,68.86,77,20,5.75
545,Jati,PK,2022-11-13 00:12:42,24.3539,68.2671,73.92,66,1,6.6
546,Bridlington,GB,2022-11-13 00:12:42,54.0831,-0.1919,51.15,96,1,11.21
547,Raudeberg,NO,2022-11-13 00:12:42,61.9875,5.1352,48.96,43,100,8.03
548,Brazzaville,CG,2022-11-13 00:12:43,-4.2658,15.2832,70.12,98,81,1.03
549,Lavrentiya,RU,2022-11-13 00:12:43,65.5833,-171.0,16.05,82,9,11.72
550,Monywa,MM,2022-11-13 00:08:37,22.1167,95.1333,68.29,87,3,5.82
551,Umea,SE,2022-11-13 00:13:44,63.8284,20.2597,39.13,87,0,6.91
552,Bukama,CD,2022-11-13 00:13:30,-9.2,25.85,67.89,97,91,1.86
553,Arkadak,RU,2022-11-13 00:13:44,51.9326,43.4978,50.23,74,93,22.03
554,Shenzhen,CN,2022-11-13 00:11:22,22.5455,114.0683,79.99,94,18,3.24
555,Waipawa,NZ,2022-11-13 00:13:45,-41.4122,175.5153,56.95,91,99,1.43
556,Kirakira,SB,2022-11-13 00:13:45,-10.4544,161.9205,83.86,71,75,6.33
557,Victor Harbor,AU,2022-11-13 00:13:46,-35.5667,138.6167,66.0,74,56,5.01
558,Broken Hill,AU,2022-11-13 00:13:46,-31.95,141.4333,72.07,56,92,8.93
559,Ahipara,NZ,2022-11-13 00:13:47,-35.1667,173.1667,64.83,68,92,8.52
560,Bay Roberts,CA,2022-11-13 00:13:47,47.5999,-53.2648,50.5,97,100,9.73
561,Botwood,CA,2022-11-13 00:13:48,49.1499,-55.3482,32.9,95,100,16.13
562,Khasan,RU,2022-11-13 00:13:48,42.4308,130.6434,36.05,61,57,23.02
